DBA,BORO,BUILDING,STREET,ZIPCODE,ADDRESS,CUISINE DESCRIPTION,INSPECTION DATE,VIOLATION DESCRIPTION,CRITICAL FLAG,SCORE,GRADE,GRADE DATE
SUBWAY CAFE,MANHATTAN,351,WEST 42 STREET,10036,"351 WEST 42 STREET, MANHATTAN, NY 10036",Sandwiches,7/13/2018,Plumbing not properly installed or maintained; anti-siphonage or backflow prevention device not provided where required; equipment or floor not properly drained; sewage disposal system in disrepair or not functioning properly.,Not Critical,12,A,7/13/2018
MILK BAR CHELSEA,MANHATTAN,220,8TH AVE,10011,"220 8TH AVE, MANHATTAN, NY 10011","Ice Cream, Gelato, Yogurt, Ices",8/17/2016,"Non-food contact surface improperly constructed. Unacceptable material used. Non-food contact surface or equipment improperly maintained and/or not properly sealed, raised, spaced or movable to allow accessibility for cleaning on all sides, above and underneath the unit.",Not Critical,8,A,8/17/2016
THIS IS GYRO,MANHATTAN,178A,CHURCH ST,10013,"178A CHURCH ST, MANHATTAN, NY 10013",Mediterranean,2/21/2019,"Sanitized equipment or utensil, including in-use food dispensing utensil, improperly used or stored.",Critical,7,A,2/21/2019
PYE BOAT NOODLE,MANHATTAN,1711,2 AVENUE,10128,"1711 2 AVENUE, MANHATTAN, NY 10128",Thai,9/19/2017,Evidence of mice or live mice present in facility's food and/or non-food areas.,Critical,20,B,9/19/2017
ABITINO'S PIZZA,MANHATTAN,733,2 AVENUE,10016,"733 2 AVENUE, MANHATTAN, NY 10016",Pizza,6/5/2017,Facility not vermin proof. Harborage or conditions conducive to attracting vermin to the premises and/or allowing vermin to exist.,Not Critical,53,C,6/5/2017
CAFE 101 16TH FLOOR CAFETERIA,MANHATTAN,101,BARCLAY STREET,10007,"101 BARCLAY STREET, MANHATTAN, NY 10007",American,9/1/2017,"Non-food contact surface improperly constructed. Unacceptable material used. Non-food contact surface or equipment improperly maintained and/or not properly sealed, raised, spaced or movable to allow accessibility for cleaning on all sides, above and underneath the unit.",Not Critical,7,A,9/1/2017
CAFE FRIDA,MANHATTAN,368,COLUMBUS AVENUE,10024,"368 COLUMBUS AVENUE, MANHATTAN, NY 10024",Mexican,4/16/2018,"Food not cooled by an approved method whereby the internal product temperature is reduced from 140Âº F to 70Âº F or less within 2 hours, and from 70Âº F to 41Âº F or less within 4 additional hours.",Critical,21,B,4/16/2018
MACE,MANHATTAN,649,EAST    9 STREET,10009,"649 EAST    9 STREET, MANHATTAN, NY 10009",American,6/19/2015,"Sanitized equipment or utensil, including in-use food dispensing utensil, improperly used or stored.",Critical,7,A,6/19/2015
NEW CHINATOWN RESTAURANT,MANHATTAN,13-Nov,AVENUE D,10009,"43782 AVENUE D, MANHATTAN, NY 10009",Chinese,7/19/2016,Evidence of mice or live mice present in facility's food and/or non-food areas.,Critical,19,B,7/19/2016
STAMINA GRILL & JUICE BAR,MANHATTAN,80,NASSAU STREET,10038,"80 NASSAU STREET, MANHATTAN, NY 10038",American,3/1/2019,"Food contact surface not properly washed, rinsed and sanitized after each use and following any activity when contamination may have occurred.",Critical,7,A,3/1/2019
MULBERRY & VINE,MANHATTAN,155,E 44TH ST,10017,"155 E 44TH ST, MANHATTAN, NY 10017",American,7/7/2017,"Food not protected from potential source of contamination during storage, preparation, transportation, display or service.",Critical,7,A,7/7/2017
SAFARI,MANHATTAN,219,W 116TH ST,10026,"219 W 116TH ST, MANHATTAN, NY 10026",African,8/30/2016,Accurate thermometer not provided in refrigerated or hot holding equipment.,Not Critical,11,A,8/30/2016
SAVANN RESTAURANT,MANHATTAN,2280,FREDERICK DOUGLAS BLVD,10027,"2280 FREDERICK DOUGLAS BLVD, MANHATTAN, NY 10027",Mediterranean,6/14/2016,"Non-food contact surface improperly constructed. Unacceptable material used. Non-food contact surface or equipment improperly maintained and/or not properly sealed, raised, spaced or movable to allow accessibility for cleaning on all sides, above and underneath the unit.",Not Critical,13,A,6/14/2016
QUALITY MEATS,MANHATTAN,57,WEST   58 STREET,10019,"57 WEST   58 STREET, MANHATTAN, NY 10019",Steak,10/12/2016,"Food not protected from potential source of contamination during storage, preparation, transportation, display or service.",Critical,9,A,10/12/2016
GREAT N.Y. NOODLETOWN,MANHATTAN,28,BOWERY,10013,"28 BOWERY, MANHATTAN, NY 10013",Chinese,9/12/2018,Facility not vermin proof. Harborage or conditions conducive to attracting vermin to the premises and/or allowing vermin to exist.,Not Critical,17,B,9/12/2018
AQUA SMOOTHIE CAFE,MANHATTAN,1741,AMSTERDAM AVE,10031,"1741 AMSTERDAM AVE, MANHATTAN, NY 10031","Juice, Smoothies, Fruit Salads",9/27/2018,"Food contact surface not properly washed, rinsed and sanitized after each use and following any activity when contamination may have occurred.",Critical,9,A,9/27/2018
CHELSEA DELI,MANHATTAN,301,10 AVENUE,10001,"301 10 AVENUE, MANHATTAN, NY 10001",Delicatessen,11/16/2016,Cold food item held above 41Âº F (smoked fish and reduced oxygen packaged foods above 38 ÂºF) except during necessary preparation.,Critical,43,C,11/16/2016
CORT THEATRE,MANHATTAN,138,WEST   48 STREET,10105,"138 WEST   48 STREET, MANHATTAN, NY 10105",American,10/25/2018,Facility not vermin proof. Harborage or conditions conducive to attracting vermin to the premises and/or allowing vermin to exist.,Not Critical,13,A,10/25/2018
RUDY'S BAR & Grill,MANHATTAN,627,9 AVENUE,10036,"627 9 AVENUE, MANHATTAN, NY 10036",American,8/15/2017,"Non-food contact surface improperly constructed. Unacceptable material used. Non-food contact surface or equipment improperly maintained and/or not properly sealed, raised, spaced or movable to allow accessibility for cleaning on all sides, above and underneath the unit.",Not Critical,12,A,8/15/2017
ROKI LE IZAKAYA,MANHATTAN,12,W 21ST ST,10010,"12 W 21ST ST, MANHATTAN, NY 10010",Japanese,4/11/2017,"Sanitized equipment or utensil, including in-use food dispensing utensil, improperly used or stored.",Critical,5,A,4/11/2017
NEW RANCHITO,MANHATTAN,924,AMSTERDAM AVENUE,10025,"924 AMSTERDAM AVENUE, MANHATTAN, NY 10025","Latin (Cuban, Dominican, Puerto Rican, South & Central American)",2/1/2018,Facility not vermin proof. Harborage or conditions conducive to attracting vermin to the premises and/or allowing vermin to exist.,Not Critical,29,C,2/1/2018
SENYA,MANHATTAN,109,1ST AVE,10003,"109 1ST AVE, MANHATTAN, NY 10003",Japanese,2/20/2018,Accurate thermometer not provided in refrigerated or hot holding equipment.,Not Critical,8,A,2/20/2018
THE MEATBALL SHOP,MANHATTAN,1462,2ND AVENUE,10075,"1462 2ND AVENUE, MANHATTAN, NY 10075",American,1/27/2016,"Food contact surface not properly washed, rinsed and sanitized after each use and following any activity when contamination may have occurred.",Critical,10,A,1/27/2016
MCDONALD'S,MANHATTAN,4259,BROADWAY,10033,"4259 BROADWAY, MANHATTAN, NY 10033",Hamburgers,3/8/2019,Pesticide use not in accordance with label or applicable laws. Prohibited chemical used/stored. Open bait station used.,Not Critical,13,A,3/8/2019
NICE MATIN,MANHATTAN,201,WEST   79 STREET,10024,"201 WEST   79 STREET, MANHATTAN, NY 10024",American,11/9/2017,"Food not protected from potential source of contamination during storage, preparation, transportation, display or service.",Critical,8,A,11/9/2017
BRINE,MANHATTAN,106,8TH AVE,10011,"106 8TH AVE, MANHATTAN, NY 10011",Chicken,2/20/2019,"Covered garbage receptacle not provided or inadequate, except that garbage receptacle may be uncovered during active use. Garbage storage area not properly constructed or maintained; grinder or compactor dirty.",Not Critical,11,A,2/20/2019
LENNY'S BAGELS,MANHATTAN,2601,BROADWAY,10025,"2601 BROADWAY, MANHATTAN, NY 10025",Bagels/Pretzels,11/15/2016,Facility not vermin proof. Harborage or conditions conducive to attracting vermin to the premises and/or allowing vermin to exist.,Not Critical,11,A,11/15/2016
LIL FRANKIE'S PIZZA,MANHATTAN,19,1 AVENUE,10003,"19 1 AVENUE, MANHATTAN, NY 10003",Italian,12/12/2016,"Non-food contact surface improperly constructed. Unacceptable material used. Non-food contact surface or equipment improperly maintained and/or not properly sealed, raised, spaced or movable to allow accessibility for cleaning on all sides, above and underneath the unit.",Not Critical,11,A,12/12/2016
MULBERRY & VINE,MANHATTAN,644,LEXINGTON AVE,10022,"644 LEXINGTON AVE, MANHATTAN, NY 10022",American,11/16/2018,"Raw, cooked or prepared food is adulterated, contaminated, cross-contaminated, or not discarded in accordance with HACCP plan.",Critical,9,A,11/16/2018
Gallo Nero/Cara Mia pizzaria,MANHATTAN,623,9TH AVE,10036,"623 9TH AVE, MANHATTAN, NY 10036",Italian,11/23/2018,"Food not protected from potential source of contamination during storage, preparation, transportation, display or service.",Critical,59,C,11/23/2018
EXISTING CONDITIONS,MANHATTAN,35,W 8TH ST,10011,"35 W 8TH ST, MANHATTAN, NY 10011",American,1/16/2019,Cold food item held above 41Âº F (smoked fish and reduced oxygen packaged foods above 38 ÂºF) except during necessary preparation.,Critical,33,Not Yet Graded,
TASTY HAND-PULLED NOODLES,MANHATTAN,1,DOYERS STREET,10013,"1 DOYERS STREET, MANHATTAN, NY 10013",Chinese,2/14/2018,"Food not protected from potential source of contamination during storage, preparation, transportation, display or service.",Critical,7,A,2/14/2018
PANCHITO'S,MANHATTAN,103,MACDOUGAL STREET,10012,"103 MACDOUGAL STREET, MANHATTAN, NY 10012",Mexican,3/1/2017,"Sanitized equipment or utensil, including in-use food dispensing utensil, improperly used or stored.",Critical,13,A,3/1/2017
EMPIRE SZECHUAN KYOTO,MANHATTAN,193,COLUMBUS AVENUE,10023,"193 COLUMBUS AVENUE, MANHATTAN, NY 10023",Chinese/Japanese,12/12/2017,Food contact surface not properly maintained.,Not Critical,12,A,12/12/2017
ZENGO NYC,MANHATTAN,622,3 AVENUE,10017,"622 3 AVENUE, MANHATTAN, NY 10017","Latin (Cuban, Dominican, Puerto Rican, South & Central American)",10/22/2018,Plumbing not properly installed or maintained; anti-siphonage or backflow prevention device not provided where required; equipment or floor not properly drained; sewage disposal system in disrepair or not functioning properly.,Not Critical,13,A,10/22/2018
PRINT RESTAURANT/PRESS LOUNGE/BANQUET KITCHEN,MANHATTAN,653,11 AVENUE,10036,"653 11 AVENUE, MANHATTAN, NY 10036",American,1/17/2019,Personal cleanliness inadequate. Outer garment soiled with possible contaminant.  Effective hair restraint not worn in an area where food is prepared.,Critical,12,A,1/17/2019
MOTEL MORRIS,MANHATTAN,132,7TH AVE,10011,"132 7TH AVE, MANHATTAN, NY 10011",American,3/23/2018,"Non-food contact surface improperly constructed. Unacceptable material used. Non-food contact surface or equipment improperly maintained and/or not properly sealed, raised, spaced or movable to allow accessibility for cleaning on all sides, above and underneath the unit.",Not Critical,9,A,3/23/2018
DUNKIN' DONUTS,MANHATTAN,64,FULTON STREET,10038,"64 FULTON STREET, MANHATTAN, NY 10038",Donuts,5/18/2018,"Food contact surface not properly washed, rinsed and sanitized after each use and following any activity when contamination may have occurred.",Critical,8,A,5/18/2018
SUSHIDEN,MANHATTAN,1251,AVENUE OF THE AMERICAS,10020,"1251 AVENUE OF THE AMERICAS, MANHATTAN, NY 10020",Japanese,2/8/2017,Food Protection Certificate not held by supervisor of food operations.,Critical,12,A,2/8/2017
MISSION CEVICHE,MANHATTAN,265,CANAL ST,10013,"265 CANAL ST, MANHATTAN, NY 10013",Peruvian,2/26/2019,"Food not cooled by an approved method whereby the internal product temperature is reduced from 140Âº F to 70Âº F or less within 2 hours, and from 70Âº F to 41Âº F or less within 4 additional hours.",Critical,11,A,2/26/2019
BRASS MONKEY,MANHATTAN,55,LITTLE WEST 12 STREET,10014,"55 LITTLE WEST 12 STREET, MANHATTAN, NY 10014",American,6/15/2015,"Non-food contact surface improperly constructed. Unacceptable material used. Non-food contact surface or equipment improperly maintained and/or not properly sealed, raised, spaced or movable to allow accessibility for cleaning on all sides, above and underneath the unit.",Not Critical,8,A,6/15/2015
D.B.A.,MANHATTAN,41,1ST AVE,10003,"41 1ST AVE, MANHATTAN, NY 10003",American,6/13/2016,"Food not protected from potential source of contamination during storage, preparation, transportation, display or service.",Critical,12,A,6/13/2016
TISSERIE,MANHATTAN,870,7 AVENUE,10019,"870 7 AVENUE, MANHATTAN, NY 10019",American,9/21/2016,Plumbing not properly installed or maintained; anti-siphonage or backflow prevention device not provided where required; equipment or floor not properly drained; sewage disposal system in disrepair or not functioning properly.,Not Critical,12,A,9/21/2016
STARBUCKS,MANHATTAN,2045,BROADWAY,10023,"2045 BROADWAY, MANHATTAN, NY 10023",CafÃ©/Coffee/Tea,2/19/2019,"Non-food contact surface improperly constructed. Unacceptable material used. Non-food contact surface or equipment improperly maintained and/or not properly sealed, raised, spaced or movable to allow accessibility for cleaning on all sides, above and underneath the unit.",Not Critical,5,A,2/19/2019
COLUMBUS CITIZENS FOUNDATION,MANHATTAN,8,EAST   69 STREET,10021,"8 EAST   69 STREET, MANHATTAN, NY 10021",Italian,12/6/2017,Facility not vermin proof. Harborage or conditions conducive to attracting vermin to the premises and/or allowing vermin to exist.,Not Critical,10,A,12/6/2017
GOOD ENOUGH TO EAT (A.G. BISTRO),MANHATTAN,520,COLUMBUS AVENUE,10024,"520 COLUMBUS AVENUE, MANHATTAN, NY 10024",American,1/11/2017,"Non-food contact surface improperly constructed. Unacceptable material used. Non-food contact surface or equipment improperly maintained and/or not properly sealed, raised, spaced or movable to allow accessibility for cleaning on all sides, above and underneath the unit.",Not Critical,13,A,1/11/2017
CHARLYS,MANHATTAN,110,TRINITY PLACE,10006,"110 TRINITY PLACE, MANHATTAN, NY 10006",American,12/10/2018,Plumbing not properly installed or maintained; anti-siphonage or backflow prevention device not provided where required; equipment or floor not properly drained; sewage disposal system in disrepair or not functioning properly.,Not Critical,34,C,12/10/2018
FRESCO,MANHATTAN,34,EAST   52 STREET,10022,"34 EAST   52 STREET, MANHATTAN, NY 10022",Italian,2/12/2018,"Food not protected from potential source of contamination during storage, preparation, transportation, display or service.",Critical,11,A,2/12/2018
SUBWAY,MANHATTAN,223,AVENUE B,10009,"223 AVENUE B, MANHATTAN, NY 10009",Sandwiches,9/14/2016,"Non-food contact surface improperly constructed. Unacceptable material used. Non-food contact surface or equipment improperly maintained and/or not properly sealed, raised, spaced or movable to allow accessibility for cleaning on all sides, above and underneath the unit.",Not Critical,11,A,9/14/2016
JOE,MANHATTAN,141,WAVERLY PLACE,10014,"141 WAVERLY PLACE, MANHATTAN, NY 10014",CafÃ©/Coffee/Tea,10/1/2015,"Non-food contact surface improperly constructed. Unacceptable material used. Non-food contact surface or equipment improperly maintained and/or not properly sealed, raised, spaced or movable to allow accessibility for cleaning on all sides, above and underneath the unit.",Not Critical,3,A,10/1/2015
CHOP'T,MANHATTAN,80,PINE STREET,10005,"80 PINE STREET, MANHATTAN, NY 10005",Salads,1/10/2019,Plumbing not properly installed or maintained; anti-siphonage or backflow prevention device not provided where required; equipment or floor not properly drained; sewage disposal system in disrepair or not functioning properly.,Not Critical,3,A,1/10/2019
OH TAISHO,MANHATTAN,9,ST MARKS PLACE,10003,"9 ST MARKS PLACE, MANHATTAN, NY 10003",Japanese,6/13/2018,Evidence of rats or live rats present in facility's food and/or non-food areas.,Critical,21,B,6/13/2018
CHERI,MANHATTAN,231,MALCOLM X BLVD,10027,"231 MALCOLM X BLVD, MANHATTAN, NY 10027",French,4/5/2018,"Non-food contact surface improperly constructed. Unacceptable material used. Non-food contact surface or equipment improperly maintained and/or not properly sealed, raised, spaced or movable to allow accessibility for cleaning on all sides, above and underneath the unit.",Not Critical,11,A,4/5/2018
SHORTY TANG NOODLE SHOP,MANHATTAN,98,8TH AVE,10011,"98 8TH AVE, MANHATTAN, NY 10011",Chinese,11/20/2017,Evidence of mice or live mice present in facility's food and/or non-food areas.,Critical,23,B,11/20/2017
BERIMBAU,MANHATTAN,43,CARMINE STREET,10014,"43 CARMINE STREET, MANHATTAN, NY 10014",Brazilian,5/9/2016,"Food not cooled by an approved method whereby the internal product temperature is reduced from 140Âº F to 70Âº F or less within 2 hours, and from 70Âº F to 41Âº F or less within 4 additional hours.",Critical,12,A,5/9/2016
HOUNDSTOOTH PUB,MANHATTAN,520,8 AVENUE,10018,"520 8 AVENUE, MANHATTAN, NY 10018",American,8/20/2015,''''Wash hands sign not posted at hand wash facility.,Not Critical,10,A,8/20/2015
QUAD CINEMA,MANHATTAN,34,W 13TH ST,10011,"34 W 13TH ST, MANHATTAN, NY 10011",CafÃ©/Coffee/Tea,8/27/2018,Food Protection Certificate not held by supervisor of food operations.,Critical,10,A,8/27/2018
DA RAFFAELE,MANHATTAN,883,1ST AVE,10022,"883 1ST AVE, MANHATTAN, NY 10022",Italian,7/18/2018,"Raw, cooked or prepared food is adulterated, contaminated, cross-contaminated, or not discarded in accordance with HACCP plan.",Critical,14,B,7/18/2018
PYE BOAT NOODLE,MANHATTAN,1711,2 AVENUE,10128,"1711 2 AVENUE, MANHATTAN, NY 10128",Thai,10/15/2015,"Food contact surface not properly washed, rinsed and sanitized after each use and following any activity when contamination may have occurred.",Critical,10,A,10/15/2015
SUSHI OF GARI 46,MANHATTAN,347,WEST   46 STREET,10036,"347 WEST   46 STREET, MANHATTAN, NY 10036",Japanese,12/9/2015,"Non-food contact surface improperly constructed. Unacceptable material used. Non-food contact surface or equipment improperly maintained and/or not properly sealed, raised, spaced or movable to allow accessibility for cleaning on all sides, above and underneath the unit.",Not Critical,10,A,12/9/2015
AUNTIE ANNE'S PRETZELS,MANHATTAN,0,PENN STATION,10121,"0 PENN STATION, MANHATTAN, NY 10121",American,2/26/2018,"Non-food contact surface improperly constructed. Unacceptable material used. Non-food contact surface or equipment improperly maintained and/or not properly sealed, raised, spaced or movable to allow accessibility for cleaning on all sides, above and underneath the unit.",Not Critical,12,A,2/26/2018
AZALEA,MANHATTAN,224,WEST   51 STREET,10019,"224 WEST   51 STREET, MANHATTAN, NY 10019",Italian,9/27/2017,"Food not protected from potential source of contamination during storage, preparation, transportation, display or service.",Critical,13,A,9/27/2017
AMBER,MANHATTAN,135,CHRISTOPHER ST,10014,"135 CHRISTOPHER ST, MANHATTAN, NY 10014",Japanese,12/12/2016,"Food not protected from potential source of contamination during storage, preparation, transportation, display or service.",Critical,13,A,12/12/2016
PONGSRI THAI RESTAURANT,MANHATTAN,244,WEST   48 STREET,10036,"244 WEST   48 STREET, MANHATTAN, NY 10036",Thai,4/25/2018,"Food contact surface not properly washed, rinsed and sanitized after each use and following any activity when contamination may have occurred.",Critical,20,B,4/25/2018
MURRAY'S CHEESE BAR,MANHATTAN,264,BLEECKER STREET,10014,"264 BLEECKER STREET, MANHATTAN, NY 10014",American,6/26/2018,"Non-food contact surface improperly constructed. Unacceptable material used. Non-food contact surface or equipment improperly maintained and/or not properly sealed, raised, spaced or movable to allow accessibility for cleaning on all sides, above and underneath the unit.",Not Critical,24,B,6/26/2018
BAREBURGER,MANHATTAN,313,W 57TH ST,10019,"313 W 57TH ST, MANHATTAN, NY 10019",American,1/30/2018,"Food not protected from potential source of contamination during storage, preparation, transportation, display or service.",Critical,9,A,1/30/2018
STARBUCKS,MANHATTAN,30,ROCKFEELLER PLAZA,,"30 ROCKFEELLER PLAZA, MANHATTAN, NY ",CafÃ©/Coffee/Tea,3/8/2019,"Non-food contact surface improperly constructed. Unacceptable material used. Non-food contact surface or equipment improperly maintained and/or not properly sealed, raised, spaced or movable to allow accessibility for cleaning on all sides, above and underneath the unit.",Not Critical,7,A,3/8/2019
BAMBOO SUSHI,MANHATTAN,1280,1ST AVENUE,10065,"1280 1ST AVENUE, MANHATTAN, NY 10065",Japanese,1/28/2019,"Non-food contact surface improperly constructed. Unacceptable material used. Non-food contact surface or equipment improperly maintained and/or not properly sealed, raised, spaced or movable to allow accessibility for cleaning on all sides, above and underneath the unit.",Not Critical,11,A,1/28/2019
SUBWAY,MANHATTAN,563,LENOX AVENUE,10037,"563 LENOX AVENUE, MANHATTAN, NY 10037",Sandwiches,2/9/2017,Plumbing not properly installed or maintained; anti-siphonage or backflow prevention device not provided where required; equipment or floor not properly drained; sewage disposal system in disrepair or not functioning properly.,Not Critical,11,A,2/9/2017
CALLIES TAQUERIA & TEQUILA BAR,MANHATTAN,547,LENOX AVE,10037,"547 LENOX AVE, MANHATTAN, NY 10037",Barbecue,5/16/2016,Evidence of rats or live rats present in facility's food and/or non-food areas.,Critical,15,B,5/16/2016
AJISEN RAMEN,MANHATTAN,136,WEST   28 STREET,10001,"136 WEST   28 STREET, MANHATTAN, NY 10001",Japanese,7/2/2018,"Food contact surface not properly washed, rinsed and sanitized after each use and following any activity when contamination may have occurred.",Critical,12,A,7/2/2018
DUNKIN DONUTS,MANHATTAN,155,W 35TH ST,10001,"155 W 35TH ST, MANHATTAN, NY 10001",Donuts,6/7/2016,"Food not protected from potential source of contamination during storage, preparation, transportation, display or service.",Critical,7,A,6/7/2016
THE SPOT KARAOKE LOUNGE,MANHATTAN,34,WEST   32 STREET,10001,"34 WEST   32 STREET, MANHATTAN, NY 10001",Korean,1/29/2019,Plumbing not properly installed or maintained; anti-siphonage or backflow prevention device not provided where required; equipment or floor not properly drained; sewage disposal system in disrepair or not functioning properly.,Not Critical,10,A,1/29/2019
IL BUCO RESTAURANT,MANHATTAN,47,BOND STREET,10012,"47 BOND STREET, MANHATTAN, NY 10012",Italian,7/2/2018,"Food contact surface not properly washed, rinsed and sanitized after each use and following any activity when contamination may have occurred.",Critical,7,A,7/2/2018
TROPIC BOWL,MANHATTAN,45,1ST AVE,10003,"45 1ST AVE, MANHATTAN, NY 10003","Juice, Smoothies, Fruit Salads",10/29/2018,Proper sanitization not provided for utensil ware washing operation.,Not Critical,12,Not Yet Graded,
AMC THEATRES,MANHATTAN,66,3RD AVE,10003,"66 3RD AVE, MANHATTAN, NY 10003",American,5/21/2018,"Food contact surface not properly washed, rinsed and sanitized after each use and following any activity when contamination may have occurred.",Critical,12,A,5/21/2018
HOP KEE RESTAURANT,MANHATTAN,21,MOTT STREET,10013,"21 MOTT STREET, MANHATTAN, NY 10013",Chinese,6/1/2018,"Non-food contact surface improperly constructed. Unacceptable material used. Non-food contact surface or equipment improperly maintained and/or not properly sealed, raised, spaced or movable to allow accessibility for cleaning on all sides, above and underneath the unit.",Not Critical,11,A,6/1/2018
KENNEDY FRIED CHICKEN,MANHATTAN,1270,SAINT NICHOLAS AVE,10033,"1270 SAINT NICHOLAS AVE, MANHATTAN, NY 10033",Chicken,2/20/2019,Hot food item not held at or above 140Âº F.,Critical,9,A,2/20/2019
TERANGA TAC,MANHATTAN,1280,5TH AVE,10029,"1280 5TH AVE, MANHATTAN, NY 10029",African,3/22/2019,Plumbing not properly installed or maintained; anti-siphonage or backflow prevention device not provided where required; equipment or floor not properly drained; sewage disposal system in disrepair or not functioning properly.,Not Critical,44,Not Yet Graded,
SPICY VILLAGE,MANHATTAN,68B,FORSYTH STREET,10002,"68B FORSYTH STREET, MANHATTAN, NY 10002",Chinese,1/18/2019,"Single service item reused, improperly stored, dispensed; not used when required.",Not Critical,6,A,1/18/2019
MAISON THAI,MANHATTAN,625,2ND AVE,10016,"625 2ND AVE, MANHATTAN, NY 10016",Thai,8/30/2017,Evidence of mice or live mice present in facility's food and/or non-food areas.,Critical,27,B,8/30/2017
FOOLS GOLD,MANHATTAN,145,E HOUSTON ST,10002,"145 E HOUSTON ST, MANHATTAN, NY 10002",American,2/22/2016,Evidence of mice or live mice present in facility's food and/or non-food areas.,Critical,27,B,2/22/2016
NHA TRANG ONE,MANHATTAN,87,BAXTER STREET,10013,"87 BAXTER STREET, MANHATTAN, NY 10013",Vietnamese/Cambodian/Malaysia,4/24/2017,"Non-food contact surface improperly constructed. Unacceptable material used. Non-food contact surface or equipment improperly maintained and/or not properly sealed, raised, spaced or movable to allow accessibility for cleaning on all sides, above and underneath the unit.",Not Critical,24,B,4/24/2017
LA CHULA,MANHATTAN,137,E 116TH ST,10029,"137 E 116TH ST, MANHATTAN, NY 10029",Mexican,12/8/2017,"Non-food contact surface improperly constructed. Unacceptable material used. Non-food contact surface or equipment improperly maintained and/or not properly sealed, raised, spaced or movable to allow accessibility for cleaning on all sides, above and underneath the unit.",Not Critical,13,A,12/8/2017
EL RINCON DEL SABOR LATINO,MANHATTAN,74,W 47TH ST,10036,"74 W 47TH ST, MANHATTAN, NY 10036",Spanish,2/6/2017,Facility not vermin proof. Harborage or conditions conducive to attracting vermin to the premises and/or allowing vermin to exist.,Not Critical,10,A,2/6/2017
SPOONBREAD TOO,MANHATTAN,364,WEST  110 STREET,10025,"364 WEST  110 STREET, MANHATTAN, NY 10025",Soul Food,12/7/2016,Plumbing not properly installed or maintained; anti-siphonage or backflow prevention device not provided where required; equipment or floor not properly drained; sewage disposal system in disrepair or not functioning properly.,Not Critical,23,B,12/7/2016
MOKJA,MANHATTAN,1663,1ST AVE,10028,"1663 1ST AVE, MANHATTAN, NY 10028",Korean,9/25/2018,"Non-food contact surface improperly constructed. Unacceptable material used. Non-food contact surface or equipment improperly maintained and/or not properly sealed, raised, spaced or movable to allow accessibility for cleaning on all sides, above and underneath the unit.",Not Critical,12,A,9/25/2018
YO SUSHI,MANHATTAN,208,3RD AVE,10003,"208 3RD AVE, MANHATTAN, NY 10003",Japanese,4/11/2016,"Food contact surface not properly washed, rinsed and sanitized after each use and following any activity when contamination may have occurred.",Critical,26,B,4/11/2016
SUMA SUSHI,MANHATTAN,964,AMSTERDAM AVENUE,10025,"964 AMSTERDAM AVENUE, MANHATTAN, NY 10025",Japanese,8/21/2017,Facility not vermin proof. Harborage or conditions conducive to attracting vermin to the premises and/or allowing vermin to exist.,Not Critical,30,C,8/21/2017
SHERATON NEW YORK HOTEL & TOWERS,MANHATTAN,811,7 AVENUE,10019,"811 7 AVENUE, MANHATTAN, NY 10019",American,5/10/2016,"Non-food contact surface improperly constructed. Unacceptable material used. Non-food contact surface or equipment improperly maintained and/or not properly sealed, raised, spaced or movable to allow accessibility for cleaning on all sides, above and underneath the unit.",Not Critical,4,A,5/10/2016
MERILU PIZZA AL METRO,MANHATTAN,791,9TH AVE,10019,"791 9TH AVE, MANHATTAN, NY 10019",Pizza,7/27/2016,"Non-food contact surface improperly constructed. Unacceptable material used. Non-food contact surface or equipment improperly maintained and/or not properly sealed, raised, spaced or movable to allow accessibility for cleaning on all sides, above and underneath the unit.",Not Critical,12,A,7/27/2016
DIG INN,MANHATTAN,463,7TH AVE,10018,"463 7TH AVE, MANHATTAN, NY 10018",American,12/17/2018,"Non-food contact surface improperly constructed. Unacceptable material used. Non-food contact surface or equipment improperly maintained and/or not properly sealed, raised, spaced or movable to allow accessibility for cleaning on all sides, above and underneath the unit.",Not Critical,7,A,12/17/2018
GREAT WOK,MANHATTAN,1631,LEXINGTON AVE,10029,"1631 LEXINGTON AVE, MANHATTAN, NY 10029",Chinese,2/25/2019,Food Protection Certificate not held by supervisor of food operations.,Critical,27,Z,2/25/2019
BARAWINE,MANHATTAN,27,W 120TH ST,10027,"27 W 120TH ST, MANHATTAN, NY 10027",French,7/6/2016,"Food contact surface not properly washed, rinsed and sanitized after each use and following any activity when contamination may have occurred.",Critical,9,A,7/6/2016
GUCKENHEIMER @ TWITTER CAFE,MANHATTAN,245,W 17TH ST,10011,"245 W 17TH ST, MANHATTAN, NY 10011",American,4/1/2016,Cold food item held above 41Âº F (smoked fish and reduced oxygen packaged foods above 38 ÂºF) except during necessary preparation.,Critical,9,A,4/1/2016
KAWA SUSHI 8 AVENUE,MANHATTAN,24,8 AVENUE,10014,"24 8 AVENUE, MANHATTAN, NY 10014",Japanese,4/12/2017,Evidence of mice or live mice present in facility's food and/or non-food areas.,Critical,12,A,4/12/2017
RIVERSIDE CAFE,MANHATTAN,475,RIVERSIDE DRIVE,10115,"475 RIVERSIDE DRIVE, MANHATTAN, NY 10115",American,1/31/2018,Food contact surface not properly maintained.,Not Critical,7,A,1/31/2018
JUICE VITALITY,MANHATTAN,192,1ST AVE,10009,"192 1ST AVE, MANHATTAN, NY 10009","Juice, Smoothies, Fruit Salads",2/5/2019,"Non-food contact surface improperly constructed. Unacceptable material used. Non-food contact surface or equipment improperly maintained and/or not properly sealed, raised, spaced or movable to allow accessibility for cleaning on all sides, above and underneath the unit.",Not Critical,9,A,2/5/2019
COCO FRESH TEA & JUICE,MANHATTAN,79,DIVISION ST,10002,"79 DIVISION ST, MANHATTAN, NY 10002","Juice, Smoothies, Fruit Salads",6/22/2018,,Not Applicable,0,A,6/22/2018
SOFT SWERVE,MANHATTAN,85B,ALLEN ST,10002,"85B ALLEN ST, MANHATTAN, NY 10002","Ice Cream, Gelato, Yogurt, Ices",3/7/2019,Plumbing not properly installed or maintained; anti-siphonage or backflow prevention device not provided where required; equipment or floor not properly drained; sewage disposal system in disrepair or not functioning properly.,Not Critical,12,A,3/7/2019
PRET A MANGER,MANHATTAN,380,LEXINGTON AVENUE,10017,"380 LEXINGTON AVENUE, MANHATTAN, NY 10017",Sandwiches,1/8/2016,Plumbing not properly installed or maintained; anti-siphonage or backflow prevention device not provided where required; equipment or floor not properly drained; sewage disposal system in disrepair or not functioning properly.,Not Critical,8,A,1/8/2016
ROTI ROLL / SUITE,MANHATTAN,992,AMSTERDAM AVENUE,10025,"992 AMSTERDAM AVENUE, MANHATTAN, NY 10025",Indian,1/25/2018,Live roaches present in facility's food and/or non-food areas.,Critical,19,B,1/25/2018
LINCOLN FRIED CHICKEN,MANHATTAN,576,W 125TH ST,10027,"576 W 125TH ST, MANHATTAN, NY 10027",Chicken,3/6/2018,"Non-food contact surface improperly constructed. Unacceptable material used. Non-food contact surface or equipment improperly maintained and/or not properly sealed, raised, spaced or movable to allow accessibility for cleaning on all sides, above and underneath the unit.",Not Critical,9,A,3/6/2018
PIZZA HAVEN,MANHATTAN,4942,BROADWAY,10034,"4942 BROADWAY, MANHATTAN, NY 10034",Pizza,9/22/2017,Pesticide use not in accordance with label or applicable laws. Prohibited chemical used/stored. Open bait station used.,Not Critical,12,A,9/22/2017
OXBOW TAVERN,MANHATTAN,240,COLUMBUS AVENUE,10023,"240 COLUMBUS AVENUE, MANHATTAN, NY 10023",American,11/19/2015,"Raw, cooked or prepared food is adulterated, contaminated, cross-contaminated, or not discarded in accordance with HACCP plan.",Critical,12,A,11/19/2015
THE BUTCHER'S DAUGHTER,MANHATTAN,19,KENMARE STREET,10012,"19 KENMARE STREET, MANHATTAN, NY 10012",Vegetarian,3/13/2017,"Non-food contact surface improperly constructed. Unacceptable material used. Non-food contact surface or equipment improperly maintained and/or not properly sealed, raised, spaced or movable to allow accessibility for cleaning on all sides, above and underneath the unit.",Not Critical,8,A,3/13/2017
SALUGGI'S,MANHATTAN,399,GRAND ST,10002,"399 GRAND ST, MANHATTAN, NY 10002",Italian,3/18/2019,"Sanitized equipment or utensil, including in-use food dispensing utensil, improperly used or stored.",Critical,29,Z,3/18/2019
DUNKIN' DONUTS,MANHATTAN,2,PENNSYLVANIA PLAZA,10121,"2 PENNSYLVANIA PLAZA, MANHATTAN, NY 10121",CafÃ©/Coffee/Tea,9/14/2015,Plumbing not properly installed or maintained; anti-siphonage or backflow prevention device not provided where required; equipment or floor not properly drained; sewage disposal system in disrepair or not functioning properly.,Not Critical,6,A,9/14/2015
TIME WARNER(CAFETERIA),MANHATTAN,1,TIME WARNER CENTER,10019,"1 TIME WARNER CENTER, MANHATTAN, NY 10019",American,1/13/2017,Plumbing not properly installed or maintained; anti-siphonage or backflow prevention device not provided where required; equipment or floor not properly drained; sewage disposal system in disrepair or not functioning properly.,Not Critical,6,A,1/13/2017
THE PARK,MANHATTAN,118122,10 AVENUE,,"118122 10 AVENUE, MANHATTAN, NY ",American,7/30/2018,Plumbing not properly installed or maintained; anti-siphonage or backflow prevention device not provided where required; equipment or floor not properly drained; sewage disposal system in disrepair or not functioning properly.,Not Critical,12,A,7/30/2018
SUBWAY,MANHATTAN,367,W 34TH ST,10001,"367 W 34TH ST, MANHATTAN, NY 10001",Sandwiches,5/24/2016,"Single service item reused, improperly stored, dispensed; not used when required.",Not Critical,13,A,5/24/2016
FRESH 2 GO DELI,MANHATTAN,607,9TH AVE,10036,"607 9TH AVE, MANHATTAN, NY 10036",Delicatessen,10/30/2018,"Food contact surface not properly washed, rinsed and sanitized after each use and following any activity when contamination may have occurred.",Critical,7,P,10/30/2018
DOWNTOWN BAKERY II MEXICAN FOOD,MANHATTAN,69,1 AVENUE,10003,"69 1 AVENUE, MANHATTAN, NY 10003",Mexican,8/4/2016,Wiping cloths soiled or not stored in sanitizing solution.,Critical,8,A,8/4/2016
TIANTI BOOKS CAFE MEDiTATION,MANHATTAN,535,8TH AVE,10018,"535 8TH AVE, MANHATTAN, NY 10018",American,1/31/2018,"Food not protected from potential source of contamination during storage, preparation, transportation, display or service.",Critical,12,A,1/31/2018
HELL'S KITCHEN PIZZA,MANHATTAN,696,9TH AVE,10036,"696 9TH AVE, MANHATTAN, NY 10036",Pizza,3/28/2019,"Food contact surface not properly washed, rinsed and sanitized after each use and following any activity when contamination may have occurred.",Critical,22,Not Yet Graded,
STROKOS GOURMET DELI,MANHATTAN,1090,AMSTERDAM AVE,10025,"1090 AMSTERDAM AVE, MANHATTAN, NY 10025",Delicatessen,6/22/2017,"Non-food contact surface improperly constructed. Unacceptable material used. Non-food contact surface or equipment improperly maintained and/or not properly sealed, raised, spaced or movable to allow accessibility for cleaning on all sides, above and underneath the unit.",Not Critical,11,A,6/22/2017
MELBA'S,MANHATTAN,300,WEST  114 STREET,10026,"300 WEST  114 STREET, MANHATTAN, NY 10026",American,6/20/2017,Plumbing not properly installed or maintained; anti-siphonage or backflow prevention device not provided where required; equipment or floor not properly drained; sewage disposal system in disrepair or not functioning properly.,Not Critical,10,A,6/20/2017
BEYOND SUSHI,MANHATTAN,227229,E 14TH ST,,"227229 E 14TH ST, MANHATTAN, NY ",Vegetarian,12/18/2018,Food Protection Certificate not held by supervisor of food operations.,Critical,13,A,12/18/2018
MICHAEL'S,MANHATTAN,24,WEST   55 STREET,10019,"24 WEST   55 STREET, MANHATTAN, NY 10019",American,1/24/2019,Thawing procedures improper.,Not Critical,9,A,1/24/2019
JOY BURGER BAR,MANHATTAN,1567,LEXINGTON AVE,10029,"1567 LEXINGTON AVE, MANHATTAN, NY 10029",Hamburgers,7/9/2018,Cold food item held above 41Âº F (smoked fish and reduced oxygen packaged foods above 38 ÂºF) except during necessary preparation.,Critical,22,B,7/9/2018
OCABANON,MANHATTAN,245,W 29TH ST,10001,"245 W 29TH ST, MANHATTAN, NY 10001",French,11/16/2016,Evidence of mice or live mice present in facility's food and/or non-food areas.,Critical,26,B,11/16/2016
NEW YORK BEER COMPANY,MANHATTAN,321,WEST   44 STREET,10036,"321 WEST   44 STREET, MANHATTAN, NY 10036",American,3/11/2019,"Non-food contact surface improperly constructed. Unacceptable material used. Non-food contact surface or equipment improperly maintained and/or not properly sealed, raised, spaced or movable to allow accessibility for cleaning on all sides, above and underneath the unit.",Not Critical,13,A,3/11/2019
LA CANTINA HEIGHTS,MANHATTAN,4460,BROADWAY,10040,"4460 BROADWAY, MANHATTAN, NY 10040",American,5/23/2017,"Food not cooled by an approved method whereby the internal product temperature is reduced from 140Âº F to 70Âº F or less within 2 hours, and from 70Âº F to 41Âº F or less within 4 additional hours.",Critical,11,A,5/23/2017
JOE COFFEE,MANHATTAN,131,WEST   21 STREET,10011,"131 WEST   21 STREET, MANHATTAN, NY 10011",CafÃ©/Coffee/Tea,3/6/2019,''''Wash hands sign not posted at hand wash facility.,Not Critical,13,A,3/6/2019
LUPA OSTERIA ROMANA,MANHATTAN,170,THOMPSON STREET,10012,"170 THOMPSON STREET, MANHATTAN, NY 10012",Italian,8/22/2018,Cold food item held above 41Âº F (smoked fish and reduced oxygen packaged foods above 38 ÂºF) except during necessary preparation.,Critical,12,A,8/22/2018
MAKE MY CAKE,MANHATTAN,2380,ADAM CLAYTON POWELL BOULEVARD,,"2380 ADAM CLAYTON POWELL BOULEVARD, MANHATTAN, NY ",Bakery,4/8/2016,"Non-food contact surface improperly constructed. Unacceptable material used. Non-food contact surface or equipment improperly maintained and/or not properly sealed, raised, spaced or movable to allow accessibility for cleaning on all sides, above and underneath the unit.",Not Critical,2,A,4/8/2016
CONVENE,MANHATTAN,75,ROCKEFELLER PLZ,10019,"75 ROCKEFELLER PLZ, MANHATTAN, NY 10019",American,11/14/2018,"Food not protected from potential source of contamination during storage, preparation, transportation, display or service.",Critical,5,A,11/14/2018
JOHNNY'S BAR,MANHATTAN,90,GREENWICH AVENUE,10011,"90 GREENWICH AVENUE, MANHATTAN, NY 10011","Bottled beverages, including water, sodas, juices, etc.",6/9/2017,"Filth flies or food/refuse/sewage-associated (FRSA) flies present in facilitys food and/or non-food areas. Filth flies include house flies, little house flies, blow flies, bottle flies and flesh flies. Food/refuse/sewage-associated flies include fruit flies, drain flies and Phorid flies.",Critical,17,B,6/9/2017
FUJI EAST,MANHATTAN,455,MAIN ST,10044,"455 MAIN ST, MANHATTAN, NY 10044",Japanese,2/15/2018,"Non-food contact surface improperly constructed. Unacceptable material used. Non-food contact surface or equipment improperly maintained and/or not properly sealed, raised, spaced or movable to allow accessibility for cleaning on all sides, above and underneath the unit.",Not Critical,13,A,2/15/2018
SPICE SAIGON,MANHATTAN,1237,1ST AVE,10065,"1237 1ST AVE, MANHATTAN, NY 10065",Vietnamese/Cambodian/Malaysia,9/14/2016,Facility not vermin proof. Harborage or conditions conducive to attracting vermin to the premises and/or allowing vermin to exist.,Not Critical,13,A,9/14/2016
JEF CHINESE,MANHATTAN,913,2ND AVE,10017,"913 2ND AVE, MANHATTAN, NY 10017",Chinese,12/13/2018,Hot food item not held at or above 140Âº F.,Critical,11,A,12/13/2018
DUNKIN' DONUTS,MANHATTAN,19,RECTOR STREET,10006,"19 RECTOR STREET, MANHATTAN, NY 10006",Donuts,2/22/2019,"Non-food contact surface improperly constructed. Unacceptable material used. Non-food contact surface or equipment improperly maintained and/or not properly sealed, raised, spaced or movable to allow accessibility for cleaning on all sides, above and underneath the unit.",Not Critical,2,A,2/22/2019
PAPAYA DOG,MANHATTAN,50,FULTON ST,10038,"50 FULTON ST, MANHATTAN, NY 10038",American,10/7/2016,Cold food item held above 41Âº F (smoked fish and reduced oxygen packaged foods above 38 ÂºF) except during necessary preparation.,Critical,9,A,10/7/2016
ANNIE MOORES PUB & RESTAURANT,MANHATTAN,22,E 41ST ST,10017,"22 E 41ST ST, MANHATTAN, NY 10017",American,4/24/2018,Pesticide use not in accordance with label or applicable laws. Prohibited chemical used/stored. Open bait station used.,Not Critical,13,A,4/24/2018
HUNAN BISTRO,MANHATTAN,96,3RD AVE,10003,"96 3RD AVE, MANHATTAN, NY 10003",Chinese,4/11/2016,"Food contact surface not properly washed, rinsed and sanitized after each use and following any activity when contamination may have occurred.",Critical,53,C,4/11/2016
SUSHI ZO,MANHATTAN,127,E 39TH ST,10016,"127 E 39TH ST, MANHATTAN, NY 10016",Japanese,11/20/2018,"Raw, cooked or prepared food is adulterated, contaminated, cross-contaminated, or not discarded in accordance with HACCP plan.",Critical,12,A,11/20/2018
MAMA EATERY,MANHATTAN,46,MULBERRY STREET,10013,"46 MULBERRY STREET, MANHATTAN, NY 10013",American,3/1/2018,"Single service item reused, improperly stored, dispensed; not used when required.",Not Critical,10,A,3/1/2018
UPSIDE PIZZA,MANHATTAN,270,W 39TH ST,10018,"270 W 39TH ST, MANHATTAN, NY 10018",Pizza,3/21/2019,Hot food item not held at or above 140Âº F.,Critical,7,A,3/21/2019
CUBBYHOLE,MANHATTAN,281,WEST   12 STREET,10014,"281 WEST   12 STREET, MANHATTAN, NY 10014",American,8/31/2016,Proper sanitization not provided for utensil ware washing operation.,Not Critical,7,A,8/31/2016
JOHN SULLIVAN'S PUB,MANHATTAN,210,W 35TH ST,10001,"210 W 35TH ST, MANHATTAN, NY 10001",Irish,12/13/2017,"Non-food contact surface improperly constructed. Unacceptable material used. Non-food contact surface or equipment improperly maintained and/or not properly sealed, raised, spaced or movable to allow accessibility for cleaning on all sides, above and underneath the unit.",Not Critical,12,A,12/13/2017
TURKISH CUISINE,MANHATTAN,631,9 AVENUE,10036,"631 9 AVENUE, MANHATTAN, NY 10036",Turkish,1/17/2019,"Mechanical or natural ventilation system not provided, improperly installed, in disrepair and/or fails to prevent excessive build-up of grease, heat, steam condensation vapors, odors, smoke, and fumes.",Not Critical,12,A,1/17/2019
KIKOO SUSHI,MANHATTAN,141,1ST AVE,10003,"141 1ST AVE, MANHATTAN, NY 10003",Japanese,10/26/2017,"Non-food contact surface improperly constructed. Unacceptable material used. Non-food contact surface or equipment improperly maintained and/or not properly sealed, raised, spaced or movable to allow accessibility for cleaning on all sides, above and underneath the unit.",Not Critical,12,C,10/26/2017
THE SPOT KARAOKE LOUNGE,MANHATTAN,34,WEST   32 STREET,10001,"34 WEST   32 STREET, MANHATTAN, NY 10001",Korean,4/4/2017,Proper sanitization not provided for utensil ware washing operation.,Not Critical,13,A,4/4/2017
WILLIAMSBURG PIZZA,MANHATTAN,277,BROOME ST,10002,"277 BROOME ST, MANHATTAN, NY 10002",Pizza/Italian,8/22/2016,Personal cleanliness inadequate. Outer garment soiled with possible contaminant.  Effective hair restraint not worn in an area where food is prepared.,Critical,12,A,8/22/2016
THE RITZ-CARLTON HOTEL/AUDEN,MANHATTAN,50,CENTRAL PARK SOUTH,10019,"50 CENTRAL PARK SOUTH, MANHATTAN, NY 10019",American,4/10/2018,"Non-food contact surface improperly constructed. Unacceptable material used. Non-food contact surface or equipment improperly maintained and/or not properly sealed, raised, spaced or movable to allow accessibility for cleaning on all sides, above and underneath the unit.",Not Critical,9,A,4/10/2018
VIVI BUBBLE TEA,MANHATTAN,226,E 14TH ST,10003,"226 E 14TH ST, MANHATTAN, NY 10003",CafÃ©/Coffee/Tea,2/6/2019,Facility not vermin proof. Harborage or conditions conducive to attracting vermin to the premises and/or allowing vermin to exist.,Not Critical,11,A,2/6/2019
T.G.I. FRIDAY'S,MANHATTAN,761,7 AVENUE,10019,"761 7 AVENUE, MANHATTAN, NY 10019",American,2/27/2018,"Food contact surface not properly washed, rinsed and sanitized after each use and following any activity when contamination may have occurred.",Critical,9,A,2/27/2018
EL AGUILA,MANHATTAN,1634,LEXINGTON AVENUE,10029,"1634 LEXINGTON AVENUE, MANHATTAN, NY 10029",Mexican,8/18/2016,"Food not protected from potential source of contamination during storage, preparation, transportation, display or service.",Critical,26,B,8/18/2016
PAM REAL THAI 49,MANHATTAN,404,W 49TH ST,10019,"404 W 49TH ST, MANHATTAN, NY 10019",Thai,1/29/2019,Facility not vermin proof. Harborage or conditions conducive to attracting vermin to the premises and/or allowing vermin to exist.,Not Critical,13,A,1/29/2019
ADALYA,MANHATTAN,55,IRVING PL,10003,"55 IRVING PL, MANHATTAN, NY 10003",Mediterranean,9/28/2018,Live roaches present in facility's food and/or non-food areas.,Critical,17,B,9/28/2018
TAO RESTAURANT,MANHATTAN,42,EAST   58 STREET,10022,"42 EAST   58 STREET, MANHATTAN, NY 10022",Asian,3/12/2019,Wiping cloths soiled or not stored in sanitizing solution.,Critical,12,A,3/12/2019
BEA,MANHATTAN,403,W 43RD STREET,10036,"403 W 43RD STREET, MANHATTAN, NY 10036",American,9/13/2018,Evidence of mice or live mice present in facility's food and/or non-food areas.,Critical,23,B,9/13/2018
ESANATION,MANHATTAN,750,9TH AVE,10019,"750 9TH AVE, MANHATTAN, NY 10019",Thai,11/8/2017,"Non-food contact surface improperly constructed. Unacceptable material used. Non-food contact surface or equipment improperly maintained and/or not properly sealed, raised, spaced or movable to allow accessibility for cleaning on all sides, above and underneath the unit.",Not Critical,7,A,11/8/2017
LUNCH BOX,MANHATTAN,886,9 AVENUE,10019,"886 9 AVENUE, MANHATTAN, NY 10019",American,2/25/2019,Plumbing not properly installed or maintained; anti-siphonage or backflow prevention device not provided where required; equipment or floor not properly drained; sewage disposal system in disrepair or not functioning properly.,Not Critical,4,A,2/25/2019
TAKUMI JAPANESE CUISINE,MANHATTAN,90,CHAMBERS ST,10007,"90 CHAMBERS ST, MANHATTAN, NY 10007",Japanese,10/12/2018,Personal cleanliness inadequate. Outer garment soiled with possible contaminant.  Effective hair restraint not worn in an area where food is prepared.,Critical,12,A,10/12/2018
59E59 BAR,MANHATTAN,59,EAST   59 STREET,10022,"59 EAST   59 STREET, MANHATTAN, NY 10022",American,5/16/2018,"Food contact surface not properly washed, rinsed and sanitized after each use and following any activity when contamination may have occurred.",Critical,7,A,5/16/2018
SIX PANS/ CREAMLINE,MANHATTAN,180,7TH AVE,10011,"180 7TH AVE, MANHATTAN, NY 10011",American,11/2/2017,"Non-food contact surface improperly constructed. Unacceptable material used. Non-food contact surface or equipment improperly maintained and/or not properly sealed, raised, spaced or movable to allow accessibility for cleaning on all sides, above and underneath the unit.",Not Critical,13,A,11/2/2017
LYFEPING,MANHATTAN,107,CHAMBERS ST,10007,"107 CHAMBERS ST, MANHATTAN, NY 10007","Juice, Smoothies, Fruit Salads",10/5/2018,"Single service item reused, improperly stored, dispensed; not used when required.",Not Critical,4,A,10/5/2018
GRACE STREET,MANHATTAN,17,W 32 STREET,10001,"17 W 32 STREET, MANHATTAN, NY 10001",CafÃ©/Coffee/Tea,12/3/2018,Plumbing not properly installed or maintained; anti-siphonage or backflow prevention device not provided where required; equipment or floor not properly drained; sewage disposal system in disrepair or not functioning properly.,Not Critical,11,A,12/3/2018
SILO CAFE,MANHATTAN,805,3 AVENUE,10022,"805 3 AVENUE, MANHATTAN, NY 10022",Delicatessen,6/20/2018,Evidence of mice or live mice present in facility's food and/or non-food areas.,Critical,11,A,6/20/2018
PRESSED JUICERY,MANHATTAN,2857,BROADWAY,10025,"2857 BROADWAY, MANHATTAN, NY 10025","Bottled beverages, including water, sodas, juices, etc.",11/20/2018,"Non-food contact surface improperly constructed. Unacceptable material used. Non-food contact surface or equipment improperly maintained and/or not properly sealed, raised, spaced or movable to allow accessibility for cleaning on all sides, above and underneath the unit.",Not Critical,7,A,11/20/2018
POTBELLY SANDWICH WORKS,MANHATTAN,19,WEST   45 STREET,10036,"19 WEST   45 STREET, MANHATTAN, NY 10036",Sandwiches/Salads/Mixed Buffet,4/6/2016,Cold food item held above 41Âº F (smoked fish and reduced oxygen packaged foods above 38 ÂºF) except during necessary preparation.,Critical,12,A,4/6/2016
JUST SALAD,MANHATTAN,320,PARK AVENUE,10022,"320 PARK AVENUE, MANHATTAN, NY 10022",Salads,6/28/2017,Food contact surface not properly maintained.,Not Critical,2,A,6/28/2017
BENTON CAFE,MANHATTAN,156,EAST   45 STREET,10017,"156 EAST   45 STREET, MANHATTAN, NY 10017",Japanese,2/23/2018,"Non-food contact surface improperly constructed. Unacceptable material used. Non-food contact surface or equipment improperly maintained and/or not properly sealed, raised, spaced or movable to allow accessibility for cleaning on all sides, above and underneath the unit.",Not Critical,13,A,2/23/2018
MOMOYA,MANHATTAN,427,AMSTERDAM AVE,10024,"427 AMSTERDAM AVE, MANHATTAN, NY 10024",Japanese,10/25/2017,"Single service item reused, improperly stored, dispensed; not used when required.",Not Critical,13,A,10/25/2017
SHERATON NEW YORK HOTEL & TOWERS,MANHATTAN,811,7 AVENUE,10019,"811 7 AVENUE, MANHATTAN, NY 10019",American,11/20/2017,"Filth flies or food/refuse/sewage-associated (FRSA) flies present in facilitys food and/or non-food areas. Filth flies include house flies, little house flies, blow flies, bottle flies and flesh flies. Food/refuse/sewage-associated flies include fruit flies, drain flies and Phorid flies.",Critical,12,A,11/20/2017
SHIMIZU RESTAURANT,MANHATTAN,318324,51 STREET,,"318324 51 STREET, MANHATTAN, NY ",Japanese,4/19/2016,Wiping cloths soiled or not stored in sanitizing solution.,Critical,11,A,4/19/2016
MARKET TABLE,MANHATTAN,54,CARMINE STREET,10014,"54 CARMINE STREET, MANHATTAN, NY 10014",American,2/27/2019,Plumbing not properly installed or maintained; anti-siphonage or backflow prevention device not provided where required; equipment or floor not properly drained; sewage disposal system in disrepair or not functioning properly.,Not Critical,13,A,2/27/2019
WATER FRONT ALE HOUSE,MANHATTAN,540,2 AVENUE,10016,"540 2 AVENUE, MANHATTAN, NY 10016",American,7/31/2017,Facility not vermin proof. Harborage or conditions conducive to attracting vermin to the premises and/or allowing vermin to exist.,Not Critical,12,A,7/31/2017
ARRIBA ARRIBA,MANHATTAN,762,9 AVENUE,10019,"762 9 AVENUE, MANHATTAN, NY 10019",Mexican,7/10/2018,Food contact surface not properly maintained.,Not Critical,7,A,7/10/2018
TRUMP CAFE & GRILL,MANHATTAN,725,5 AVENUE,10022,"725 5 AVENUE, MANHATTAN, NY 10022",American,7/11/2018,Facility not vermin proof. Harborage or conditions conducive to attracting vermin to the premises and/or allowing vermin to exist.,Not Critical,15,B,7/11/2018
STK,MANHATTAN,28,LITTLE WEST   12 STREET,10014,"28 LITTLE WEST   12 STREET, MANHATTAN, NY 10014",American,10/26/2016,Facility not vermin proof. Harborage or conditions conducive to attracting vermin to the premises and/or allowing vermin to exist.,Not Critical,13,A,10/26/2016
REMEDY DINER,MANHATTAN,245,EAST HOUSTON STREET,10002,"245 EAST HOUSTON STREET, MANHATTAN, NY 10002",American,6/26/2017,"Non-food contact surface improperly constructed. Unacceptable material used. Non-food contact surface or equipment improperly maintained and/or not properly sealed, raised, spaced or movable to allow accessibility for cleaning on all sides, above and underneath the unit.",Not Critical,12,A,6/26/2017
PARIS BAGUETTE,MANHATTAN,575,8TH AVE,10018,"575 8TH AVE, MANHATTAN, NY 10018",CafÃ©/Coffee/Tea,11/30/2018,Cold food item held above 41Âº F (smoked fish and reduced oxygen packaged foods above 38 ÂºF) except during necessary preparation.,Critical,27,B,11/30/2018
West Place,MANHATTAN,1288,AMSTERDAM AVE,10027,"1288 AMSTERDAM AVE, MANHATTAN, NY 10027",Chinese,7/11/2018,Cold food item held above 41Âº F (smoked fish and reduced oxygen packaged foods above 38 ÂºF) except during necessary preparation.,Critical,30,C,7/11/2018
STARBUCKS,MANHATTAN,95,WEST BROADWAY,10013,"95 WEST BROADWAY, MANHATTAN, NY 10013",CafÃ©/Coffee/Tea,9/14/2018,Facility not vermin proof. Harborage or conditions conducive to attracting vermin to the premises and/or allowing vermin to exist.,Not Critical,13,A,9/14/2018
WINE:34,MANHATTAN,127,E 34TH ST,10016,"127 E 34TH ST, MANHATTAN, NY 10016",Italian,7/23/2018,"Food contact surface not properly washed, rinsed and sanitized after each use and following any activity when contamination may have occurred.",Critical,20,B,7/23/2018
RUMOURS,MANHATTAN,933,8 AVENUE,10019,"933 8 AVENUE, MANHATTAN, NY 10019",American,11/19/2018,Hot food item not held at or above 140Âº F.,Critical,27,B,11/19/2018
LA SONRISA EMPANADAS,MANHATTAN,NKA,"HIGHLINE PARK, WEST 15TH ST",,"NKA HIGHLINE PARK, WEST 15TH ST, MANHATTAN, NY ","Latin (Cuban, Dominican, Puerto Rican, South & Central American)",5/4/2016,Facility not vermin proof. Harborage or conditions conducive to attracting vermin to the premises and/or allowing vermin to exist.,Not Critical,11,A,5/4/2016
124 CAFE,MANHATTAN,53,E 124TH ST,10035,"53 E 124TH ST, MANHATTAN, NY 10035",American,3/19/2019,"No facilities available to wash, rinse and sanitize utensils and/or equipment.",Critical,34,Not Yet Graded,
MACAO  RESTAURANT AND BAR,MANHATTAN,311,CHURCH STREET,10013,"311 CHURCH STREET, MANHATTAN, NY 10013",Asian,2/8/2017,Hot food item not held at or above 140Âº F.,Critical,8,A,2/8/2017
KING FOOD,MANHATTAN,489,AMSTERDAM AVENUE,10024,"489 AMSTERDAM AVENUE, MANHATTAN, NY 10024",Chinese,8/9/2016,Cold food item held above 41Âº F (smoked fish and reduced oxygen packaged foods above 38 ÂºF) except during necessary preparation.,Critical,12,A,8/9/2016
PIER SIXTY ONE-THE LIGHTHOUSE,MANHATTAN,0,CHELSEA PIERS - PIER 61,,"0 CHELSEA PIERS - PIER 61, MANHATTAN, NY ",American,8/17/2018,"Non-food contact surface improperly constructed. Unacceptable material used. Non-food contact surface or equipment improperly maintained and/or not properly sealed, raised, spaced or movable to allow accessibility for cleaning on all sides, above and underneath the unit.",Not Critical,5,A,8/17/2018
UDON WEST,MANHATTAN,11,ST MARKS PLACE,10003,"11 ST MARKS PLACE, MANHATTAN, NY 10003",Japanese,7/26/2018,Wiping cloths soiled or not stored in sanitizing solution.,Critical,12,A,7/26/2018
CHINA ONE,MANHATTAN,609,MAIN ST,10044,"609 MAIN ST, MANHATTAN, NY 10044",Chinese,2/15/2018,"Non-food contact surface improperly constructed. Unacceptable material used. Non-food contact surface or equipment improperly maintained and/or not properly sealed, raised, spaced or movable to allow accessibility for cleaning on all sides, above and underneath the unit.",Not Critical,12,A,2/15/2018
BOSTON MARKET,MANHATTAN,885,10 AVENUE,10019,"885 10 AVENUE, MANHATTAN, NY 10019",American,5/15/2018,Hot food item not held at or above 140Âº F.,Critical,9,A,5/15/2018
KIND REGARDS,MANHATTAN,152,LUDLOW STREET,10002,"152 LUDLOW STREET, MANHATTAN, NY 10002",CafÃ©/Coffee/Tea,5/4/2018,"Appropriately scaled metal stem-type thermometer or thermocouple not provided or used to evaluate temperatures of potentially hazardous foods during cooking, cooling, reheating and holding.",Critical,10,A,5/4/2018
MIGHTY QUINN'S BBQ,MANHATTAN,75,GREENWICH AVE,10014,"75 GREENWICH AVE, MANHATTAN, NY 10014",American,9/3/2015,"Non-food contact surface improperly constructed. Unacceptable material used. Non-food contact surface or equipment improperly maintained and/or not properly sealed, raised, spaced or movable to allow accessibility for cleaning on all sides, above and underneath the unit.",Not Critical,9,A,9/3/2015
HAPPY HOT HUNAN RESTAURANT,MANHATTAN,969,AMSTERDAM AVE,10025,"969 AMSTERDAM AVE, MANHATTAN, NY 10025",Chinese,4/5/2017,"Non-food contact surface improperly constructed. Unacceptable material used. Non-food contact surface or equipment improperly maintained and/or not properly sealed, raised, spaced or movable to allow accessibility for cleaning on all sides, above and underneath the unit.",Not Critical,9,A,4/5/2017
LASANI RESTAURANT,MANHATTAN,15,WEST   29 STREET,10001,"15 WEST   29 STREET, MANHATTAN, NY 10001",Pakistani,2/27/2019,Facility not vermin proof. Harborage or conditions conducive to attracting vermin to the premises and/or allowing vermin to exist.,Not Critical,13,A,2/27/2019
MCDONALD'S,MANHATTAN,2726,BROADWAY,10025,"2726 BROADWAY, MANHATTAN, NY 10025",Hamburgers,9/1/2016,Plumbing not properly installed or maintained; anti-siphonage or backflow prevention device not provided where required; equipment or floor not properly drained; sewage disposal system in disrepair or not functioning properly.,Not Critical,12,A,9/1/2016
SUBWAY,MANHATTAN,578,W 125TH ST,10027,"578 W 125TH ST, MANHATTAN, NY 10027",Sandwiches/Salads/Mixed Buffet,2/10/2017,"Non-food contact surface improperly constructed. Unacceptable material used. Non-food contact surface or equipment improperly maintained and/or not properly sealed, raised, spaced or movable to allow accessibility for cleaning on all sides, above and underneath the unit.",Not Critical,6,A,2/10/2017
BO CA PHE,MANHATTAN,222,LAFAYETTE ST,10012,"222 LAFAYETTE ST, MANHATTAN, NY 10012",Asian,9/2/2016,"Non-food contact surface improperly constructed. Unacceptable material used. Non-food contact surface or equipment improperly maintained and/or not properly sealed, raised, spaced or movable to allow accessibility for cleaning on all sides, above and underneath the unit.",Not Critical,9,A,9/2/2016
BONCHON,MANHATTAN,325,5TH AVE,10016,"325 5TH AVE, MANHATTAN, NY 10016",Korean,4/26/2017,Food worker does not use proper utensil to eliminate bare hand contact with food that will not receive adequate additional heat treatment.,Critical,14,B,4/26/2017
TABOGA,MANHATTAN,421,W 202ND ST,10034,"421 W 202ND ST, MANHATTAN, NY 10034","Latin (Cuban, Dominican, Puerto Rican, South & Central American)",4/21/2016,Wiping cloths soiled or not stored in sanitizing solution.,Critical,10,A,4/21/2016
DEL FRISCO'S GRILLE,MANHATTAN,60,ROCKEFELLER PLAZA,10020,"60 ROCKEFELLER PLAZA, MANHATTAN, NY 10020",American,7/27/2018,"Food contact surface not properly washed, rinsed and sanitized after each use and following any activity when contamination may have occurred.",Critical,12,A,7/27/2018
ZARO'S BREAD BASKET,MANHATTAN,1,PENNSYLVANIA STATION (AMTRACK),10121,"1 PENNSYLVANIA STATION (AMTRACK), MANHATTAN, NY 10121",Bakery,3/23/2018,"Food contact surface not properly washed, rinsed and sanitized after each use and following any activity when contamination may have occurred.",Critical,9,A,3/23/2018
VIVI BUBBLE TEA,MANHATTAN,607,9TH AVE,10036,"607 9TH AVE, MANHATTAN, NY 10036",CafÃ©/Coffee/Tea,10/7/2016,Plumbing not properly installed or maintained; anti-siphonage or backflow prevention device not provided where required; equipment or floor not properly drained; sewage disposal system in disrepair or not functioning properly.,Not Critical,8,A,10/7/2016
CREDIT SUISSE B-2= CAFE,MANHATTAN,11,MADISON AVENUE,10010,"11 MADISON AVENUE, MANHATTAN, NY 10010",American,7/20/2017,"Non-food contact surface improperly constructed. Unacceptable material used. Non-food contact surface or equipment improperly maintained and/or not properly sealed, raised, spaced or movable to allow accessibility for cleaning on all sides, above and underneath the unit.",Not Critical,4,A,7/20/2017
